tenor,rate
GS3,6.44
GS3,6.47
GS3,6.31
GS3,6.55
GS3,6.39
GS3,6.51
GS3,6.79
GS3,6.84
GS3,7.19
GS3,7.22
GS3,7.3
GS3,7.61
GS3,7.67
GS3,7.7
GS3,7.85
GS3,8.07
GS3,8.3
GS3,8.54
GS3,8.33
GS3,8.41
GS3,8.62
GS3,9.04
GS3,9.33
GS3,9.5
GS3,9.29
GS3,9.38
GS3,9.43
GS3,9.42
GS3,8.95
GS3,8.94
GS3,9.14
GS3,9.69
GS3,10.95
GS3,11.18
GS3,10.71
GS3,10.88
GS3,12.84
GS3,14.05
GS3,12.02
GS3,9.44
GS3,8.91
GS3,9.27
GS3,10.63
GS3,11.57
GS3,12.01
GS3,13.31
GS3,13.65
GS3,13.01
GS3,13.65
GS3,13.51
GS3,14.09
GS3,15.08
GS3,14.29
GS3,15.15
GS3,16
GS3,16.22
GS3,15.5
GS3,13.11
GS3,13.66
GS3,14.64
GS3,14.73
GS3,14.13
GS3,14.18
GS3,13.77
GS3,14.48
GS3,14
GS3,12.62
GS3,12.03
GS3,10.62
GS3,9.98
GS3,9.88
GS3,9.64
GS3,9.91
GS3,9.84
GS3,9.76
GS3,9.66
GS3,10.32
GS3,10.9
GS3,11.3
GS3,11.07
GS3,10.87
GS3,10.96
GS3,11.13
GS3,10.93
GS3,11.05
GS3,11.59
GS3,11.98
GS3,12.75
GS3,13.18
GS3,13.08
GS3,12.5
GS3,12.34
GS3,11.85
GS3,10.9
GS3,10.56
GS3,10.43
GS3,10.55
GS3,11.05
GS3,10.49
GS3,9.75
GS3,9.05
GS3,9.18
GS3,9.31
GS3,9.37
GS3,9.25
GS3,8.88
GS3,8.4
GS3,8.41
GS3,8.1
GS3,7.3
GS3,6.86
GS3,7.27
GS3,7.41
GS3,6.86
GS3,6.49
GS3,6.62
GS3,6.56
GS3,6.46
GS3,6.43
GS3,6.41
GS3,6.56
GS3,6.58
GS3,7.32
GS3,8.02
GS3,7.82
GS3,7.74
GS3,8.03
GS3,8.67
GS3,8.75
GS3,7.99
GS3,8.13
GS3,7.87
GS3,7.38
GS3,7.5
GS3,7.83
GS3,8.24
GS3,8.22
GS3,8.44
GS3,8.77
GS3,8.57
GS3,8.43
GS3,8.72
GS3,9.11
GS3,9.2
GS3,9.32
GS3,9.61
GS3,9.4
GS3,8.98
GS3,8.37
GS3,7.83
GS3,8.13
GS3,8.26
GS3,8.02
GS3,7.8
GS3,7.77
GS3,8.13
GS3,8.39
GS3,8.63
GS3,8.78
GS3,8.69
GS3,8.4
GS3,8.26
GS3,8.22
GS3,8.27
GS3,8.07
GS3,7.74
GS3,7.47
GS3,7.38
GS3,7.08
GS3,7.35
GS3,7.23
GS3,7.12
GS3,7.39
GS3,7.38
GS3,6.8
GS3,6.5
GS3,6.23
GS3,5.9
GS3,5.39
GS3,5.4
GS3,5.72
GS3,6.18
GS3,5.93
GS3,5.81
GS3,5.6
GS3,4.91
GS3,4.72
GS3,4.42
GS3,4.64
GS3,5.14
GS3,5.21
GS3,4.93
GS3,4.58
GS3,4.4
GS3,4.3
GS3,4.4
GS3,4.53
GS3,4.43
GS3,4.36
GS3,4.17
GS3,4.18
GS3,4.5
GS3,4.54
GS3,4.48
GS3,4.83
GS3,5.4
GS3,5.99
GS3,6.34
GS3,6.27
GS3,6.48
GS3,6.5
GS3,6.69
GS3,7.04
GS3,7.44
GS3,7.71
GS3,7.66
GS3,7.25
GS3,6.89
GS3,6.68
GS3,6.27
GS3,5.8
GS3,5.89
GS3,6.1
GS3,5.89
GS3,5.77
GS3,5.57
GS3,5.39
GS3,5.2
GS3,5.14
GS3,5.79
GS3,6.11
GS3,6.27
GS3,6.49
GS3,6.45
GS3,6.21
GS3,6.41
GS3,6.08
GS3,5.82
GS3,5.91
GS3,6.16
GS3,6.03
GS3,6.38
GS3,6.61
GS3,6.42
GS3,6.24
GS3,6
GS3,6.06
GS3,5.98
GS3,5.84
GS3,5.76
GS3,5.74
GS3,5.38
GS3,5.43
GS3,5.57
GS3,5.58
GS3,5.61
GS3,5.52
GS3,5.47
GS3,5.24
GS3,4.62
GS3,4.18
GS3,4.57
GS3,4.48
GS3,4.61
GS3,4.9
GS3,5.11
GS3,5.03
GS3,5.33
GS3,5.7
GS3,5.62
GS3,5.77
GS3,5.75
GS3,5.94
GS3,5.92
GS3,6.14
GS3,6.49
GS3,6.65
GS3,6.53
GS3,6.36
GS3,6.77
GS3,6.43
GS3,6.28
GS3,6.17
GS3,6.02
GS3,5.85
GS3,5.79
GS3,5.26
GS3,4.77
GS3,4.71
GS3,4.43
GS3,4.42
GS3,4.51
GS3,4.35
GS3,4.31
GS3,4.04
GS3,3.45
GS3,3.14
GS3,3.22
GS3,3.62
GS3,3.56
GS3,3.55
GS3,4.14
GS3,4.01
GS3,3.8
GS3,3.49
GS3,3.01
GS3,2.52
GS3,2.32
GS3,2.25
GS3,2.32
GS3,2.23
GS3,2.18
GS3,2.05
GS3,1.98
GS3,2.06
GS3,1.75
GS3,1.51
GS3,1.93
GS3,2.44
GS3,2.23
GS3,2.26
GS3,2.45
GS3,2.44
GS3,2.27
GS3,2.25
GS3,2
GS3,2.57
GS3,3.1
GS3,3.26
GS3,3.05
GS3,2.88
GS3,2.83
GS3,2.85
GS3,3.09
GS3,3.21
GS3,3.39
GS3,3.54
GS3,3.91
GS3,3.79
GS3,3.72
GS3,3.69
GS3,3.91
GS3,4.08
GS3,3.96
GS3,4.29
GS3,4.43
GS3,4.39
GS3,4.35
GS3,4.64
GS3,4.74
GS3,4.89
GS3,4.97
GS3,5.09
GS3,5.07
GS3,4.85
GS3,4.69
GS3,4.72
GS3,4.64
GS3,4.58
GS3,4.79
GS3,4.75
GS3,4.51
GS3,4.6
GS3,4.69
GS3,5
GS3,4.82
GS3,4.34
GS3,4.06
GS3,4.01
GS3,3.35
GS3,3.13
GS3,2.51
GS3,2.19
GS3,1.8
GS3,2.23
GS3,2.69
GS3,3.08
GS3,2.87
GS3,2.7
GS3,2.32
GS3,1.86
GS3,1.51
GS3,1.07
GS3,1.13
GS3,1.37
GS3,1.31
GS3,1.32
GS3,1.39
GS3,1.76
GS3,1.55
GS3,1.65
GS3,1.48
GS3,1.46
GS3,1.32
GS3,1.38
GS3,1.49
GS3,1.4
GS3,1.51
GS3,1.64
GS3,1.32
GS3,1.17
GS3,0.98
GS3,0.78
GS3,0.74
GS3,0.57
GS3,0.67
GS3,0.99
GS3,1.03
GS3,1.28
GS3,1.17
GS3,1.21
GS3,0.94
GS3,0.71
GS3,0.68
GS3,0.38
GS3,0.35
GS3,0.47
GS3,0.39
GS3,0.39
GS3,0.36
GS3,0.38
GS3,0.51
GS3,0.43
GS3,0.39
GS3,0.39
GS3,0.33
GS3,0.37
GS3,0.34
GS3,0.37
GS3,0.36
GS3,0.35
GS3,0.39
GS3,0.4
GS3,0.39
GS3,0.34
GS3,0.4
GS3,0.58
GS3,0.64
GS3,0.7
GS3,0.78
GS3,0.63
GS3,0.58
GS3,0.69
GS3,0.78
GS3,0.69
GS3,0.82
GS3,0.88
GS3,0.83
GS3,0.9
GS3,0.97
GS3,0.93
GS3,1.05
GS3,0.88
GS3,0.96
GS3,1.06
GS3,0.9
GS3,0.99
GS3,1.02
GS3,0.87
GS3,0.98
GS3,1.07
GS3,1.03
GS3,1.03
GS3,1.01
GS3,0.93
GS3,1.2
GS3,1.28
GS3,1.14
GS3,0.9
GS3,1.04
GS3,0.92
GS3,0.97
GS3,0.86
GS3,0.79
GS3,0.85
GS3,0.9
GS3,0.99
GS3,1.22
GS10,7.39
GS10,7.46
GS10,7.37
GS10,7.46
GS10,7.28
GS10,7.33
GS10,7.4
GS10,7.34
GS10,7.52
GS10,7.58
GS10,7.69
GS10,7.96
GS10,8.03
GS10,8.04
GS10,8.15
GS10,8.35
GS10,8.46
GS10,8.64
GS10,8.41
GS10,8.42
GS10,8.64
GS10,8.81
GS10,9.01
GS10,9.1
GS10,9.1
GS10,9.12
GS10,9.18
GS10,9.25
GS10,8.91
GS10,8.95
GS10,9.03
GS10,9.33
GS10,10.3
GS10,10.65
GS10,10.39
GS10,10.8
GS10,12.41
GS10,12.75
GS10,11.47
GS10,10.18
GS10,9.78
GS10,10.25
GS10,11.1
GS10,11.51
GS10,11.75
GS10,12.68
GS10,12.84
GS10,12.57
GS10,13.19
GS10,13.12
GS10,13.68
GS10,14.1
GS10,13.47
GS10,14.28
GS10,14.94
GS10,15.32
GS10,15.15
GS10,13.39
GS10,13.72
GS10,14.59
GS10,14.43
GS10,13.86
GS10,13.87
GS10,13.62
GS10,14.3
GS10,13.95
GS10,13.06
GS10,12.34
GS10,10.91
GS10,10.55
GS10,10.54
GS10,10.46
GS10,10.72
GS10,10.51
GS10,10.4
GS10,10.38
GS10,10.85
GS10,11.38
GS10,11.85
GS10,11.65
GS10,11.54
GS10,11.69
GS10,11.83
GS10,11.67
GS10,11.84
GS10,12.32
GS10,12.63
GS10,13.41
GS10,13.56
GS10,13.36
GS10,12.72
GS10,12.52
GS10,12.16
GS10,11.57
GS10,11.5
GS10,11.38
GS10,11.51
GS10,11.86
GS10,11.43
GS10,10.85
GS10,10.16
GS10,10.31
GS10,10.33
GS10,10.37
GS10,10.24
GS10,9.78
GS10,9.26
GS10,9.19
GS10,8.7
GS10,7.78
GS10,7.3
GS10,7.71
GS10,7.8
GS10,7.3
GS10,7.17
GS10,7.45
GS10,7.43
GS10,7.25
GS10,7.11
GS10,7.08
GS10,7.25
GS10,7.25
GS10,8.02
GS10,8.61
GS10,8.4
GS10,8.45
GS10,8.76
GS10,9.42
GS10,9.52
GS10,8.86
GS10,8.99
GS10,8.67
GS10,8.21
GS10,8.37
GS10,8.72
GS10,9.09
GS10,8.92
GS10,9.06
GS10,9.26
GS10,8.98
GS10,8.8
GS10,8.96
GS10,9.11
GS10,9.09
GS10,9.17
GS10,9.36
GS10,9.18
GS10,8.86
GS10,8.28
GS10,8.02
GS10,8.11
GS10,8.19
GS10,8.01
GS10,7.87
GS10,7.84
GS10,8.21
GS10,8.47
GS10,8.59
GS10,8.79
GS10,8.76
GS10,8.48
GS10,8.47
GS10,8.75
GS10,8.89
GS10,8.72
GS10,8.39
GS10,8.08
GS10,8.09
GS10,7.85
GS10,8.11
GS10,8.04
GS10,8.07
GS10,8.28
GS10,8.27
GS10,7.9
GS10,7.65
GS10,7.53
GS10,7.42
GS10,7.09
GS10,7.03
GS10,7.34
GS10,7.54
GS10,7.48
GS10,7.39
GS10,7.26
GS10,6.84
GS10,6.59
GS10,6.42
GS10,6.59
GS10,6.87
GS10,6.77
GS10,6.6
GS10,6.26
GS10,5.98
GS10,5.97
GS10,6.04
GS10,5.96
GS10,5.81
GS10,5.68
GS10,5.36
GS10,5.33
GS10,5.72
GS10,5.77
GS10,5.75
GS10,5.97
GS10,6.48
GS10,6.97
GS10,7.18
GS10,7.1
GS10,7.3
GS10,7.24
GS10,7.46
GS10,7.74
GS10,7.96
GS10,7.81
GS10,7.78
GS10,7.47
GS10,7.2
GS10,7.06
GS10,6.63
GS10,6.17
GS10,6.28
GS10,6.49
GS10,6.2
GS10,6.04
GS10,5.93
GS10,5.71
GS10,5.65
GS10,5.81
GS10,6.27
GS10,6.51
GS10,6.74
GS10,6.91
GS10,6.87
GS10,6.64
GS10,6.83
GS10,6.53
GS10,6.2
GS10,6.3
GS10,6.58
GS10,6.42
GS10,6.69
GS10,6.89
GS10,6.71
GS10,6.49
GS10,6.22
GS10,6.3
GS10,6.21
GS10,6.03
GS10,5.88
GS10,5.81
GS10,5.54
GS10,5.57
GS10,5.65
GS10,5.64
GS10,5.65
GS10,5.5
GS10,5.46
GS10,5.34
GS10,4.81
GS10,4.53
GS10,4.83
GS10,4.65
GS10,4.72
GS10,5
GS10,5.23
GS10,5.18
GS10,5.54
GS10,5.9
GS10,5.79
GS10,5.94
GS10,5.92
GS10,6.11
GS10,6.03
GS10,6.28
GS10,6.66
GS10,6.52
GS10,6.26
GS10,5.99
GS10,6.44
GS10,6.1
GS10,6.05
GS10,5.83
GS10,5.8
GS10,5.74
GS10,5.72
GS10,5.24
GS10,5.16
GS10,5.1
GS10,4.89
GS10,5.14
GS10,5.39
GS10,5.28
GS10,5.24
GS10,4.97
GS10,4.73
GS10,4.57
GS10,4.65
GS10,5.09
GS10,5.04
GS10,4.91
GS10,5.28
GS10,5.21
GS10,5.16
GS10,4.93
GS10,4.65
GS10,4.26
GS10,3.87
GS10,3.94
GS10,4.05
GS10,4.03
GS10,4.05
GS10,3.9
GS10,3.81
GS10,3.96
GS10,3.57
GS10,3.33
GS10,3.98
GS10,4.45
GS10,4.27
GS10,4.29
GS10,4.3
GS10,4.27
GS10,4.15
GS10,4.08
GS10,3.83
GS10,4.35
GS10,4.72
GS10,4.73
GS10,4.5
GS10,4.28
GS10,4.13
GS10,4.1
GS10,4.19
GS10,4.23
GS10,4.22
GS10,4.17
GS10,4.5
GS10,4.34
GS10,4.14
GS10,4
GS10,4.18
GS10,4.26
GS10,4.2
GS10,4.46
GS10,4.54
GS10,4.47
GS10,4.42
GS10,4.57
GS10,4.72
GS10,4.99
GS10,5.11
GS10,5.11
GS10,5.09
GS10,4.88
GS10,4.72
GS10,4.73
GS10,4.6
GS10,4.56
GS10,4.76
GS10,4.72
GS10,4.56
GS10,4.69
GS10,4.75
GS10,5.1
GS10,5
GS10,4.67
GS10,4.52
GS10,4.53
GS10,4.15
GS10,4.1
GS10,3.74
GS10,3.74
GS10,3.51
GS10,3.68
GS10,3.88
GS10,4.1
GS10,4.01
GS10,3.89
GS10,3.69
GS10,3.81
GS10,3.53
GS10,2.42
GS10,2.52
GS10,2.87
GS10,2.82
GS10,2.93
GS10,3.29
GS10,3.72
GS10,3.56
GS10,3.59
GS10,3.4
GS10,3.39
GS10,3.4
GS10,3.59
GS10,3.73
GS10,3.69
GS10,3.73
GS10,3.85
GS10,3.42
GS10,3.2
GS10,3.01
GS10,2.7
GS10,2.65
GS10,2.54
GS10,2.76
GS10,3.29
GS10,3.39
GS10,3.58
GS10,3.41
GS10,3.46
GS10,3.17
GS10,3
GS10,3
GS10,2.3
GS10,1.98
GS10,2.15
GS10,2.01
GS10,1.98
GS10,1.97
GS10,1.97
GS10,2.17
GS10,2.05
GS10,1.8
GS10,1.62
GS10,1.53
GS10,1.68
GS10,1.72
GS10,1.75
GS10,1.65
GS10,1.72
GS10,1.91
GS10,1.98
GS10,1.96
GS10,1.76
GS10,1.93
GS10,2.3
GS10,2.58
GS10,2.74
GS10,2.81
GS10,2.62
GS10,2.72
GS10,2.9
GS10,2.86
GS10,2.71
GS10,2.72
GS10,2.71
GS10,2.56
GS10,2.6
GS10,2.54
GS10,2.42
GS10,2.53
GS10,2.3
GS10,2.33
GS10,2.21
GS10,1.88
GS10,1.98
GS10,2.04
GS10,1.94
GS10,2.2
GS10,2.36
GS10,2.32
GS10,2.17
GS10,2.17
GS10,2.07
GS10,2.26
GS10,2.24
GS10,2.09
GS10,1.78
GS10,1.89
GS10,1.81
GS10,1.81
GS10,1.64
GS10,1.5
GS10,1.56
GS10,1.63
GS10,1.76
GS10,2.14
GS30,7.75
GS30,7.8
GS30,7.73
GS30,7.8
GS30,7.64
GS30,7.64
GS30,7.68
GS30,7.64
GS30,7.77
GS30,7.85
GS30,7.94
GS30,8.18
GS30,8.25
GS30,8.23
GS30,8.34
GS30,8.43
GS30,8.5
GS30,8.65
GS30,8.47
GS30,8.47
GS30,8.67
GS30,8.75
GS30,8.88
GS30,8.94
GS30,9
GS30,9.03
GS30,9.08
GS30,9.19
GS30,8.92
GS30,8.93
GS30,8.98
GS30,9.17
GS30,9.85
GS30,10.3
GS30,10.12
GS30,10.6
GS30,12.13
GS30,12.34
GS30,11.4
GS30,10.36
GS30,9.81
GS30,10.24
GS30,11
GS30,11.34
GS30,11.59
GS30,12.37
GS30,12.4
GS30,12.14
GS30,12.8
GS30,12.69
GS30,13.2
GS30,13.6
GS30,12.96
GS30,13.59
GS30,14.17
GS30,14.67
GS30,14.68
GS30,13.35
GS30,13.45
GS30,14.22
GS30,14.22
GS30,13.53
GS30,13.37
GS30,13.24
GS30,13.92
GS30,13.55
GS30,12.77
GS30,12.07
GS30,11.17
GS30,10.54
GS30,10.54
GS30,10.63
GS30,10.88
GS30,10.63
GS30,10.48
GS30,10.53
GS30,10.93
GS30,11.4
GS30,11.82
GS30,11.63
GS30,11.58
GS30,11.75
GS30,11.88
GS30,11.75
GS30,11.95
GS30,12.38
GS30,12.65
GS30,13.43
GS30,13.44
GS30,13.21
GS30,12.54
GS30,12.29
GS30,11.98
GS30,11.56
GS30,11.52
GS30,11.45
GS30,11.47
GS30,11.81
GS30,11.47
GS30,11.05
GS30,10.45
GS30,10.5
GS30,10.56
GS30,10.61
GS30,10.5
GS30,10.06
GS30,9.54
GS30,9.4
GS30,8.93
GS30,7.96
GS30,7.39
GS30,7.52
GS30,7.57
GS30,7.27
GS30,7.33
GS30,7.62
GS30,7.7
GS30,7.52
GS30,7.37
GS30,7.39
GS30,7.54
GS30,7.55
GS30,8.25
GS30,8.78
GS30,8.57
GS30,8.64
GS30,8.97
GS30,9.59
GS30,9.61
GS30,8.95
GS30,9.12
GS30,8.83
GS30,8.43
GS30,8.63
GS30,8.95
GS30,9.23
GS30,9
GS30,9.14
GS30,9.32
GS30,9.06
GS30,8.89
GS30,9.02
GS30,9.01
GS30,8.93
GS30,9.01
GS30,9.17
GS30,9.03
GS30,8.83
GS30,8.27
GS30,8.08
GS30,8.12
GS30,8.15
GS30,8
GS30,7.9
GS30,7.9
GS30,8.26
GS30,8.5
GS30,8.56
GS30,8.76
GS30,8.73
GS30,8.46
GS30,8.5
GS30,8.86
GS30,9.03
GS30,8.86
GS30,8.54
GS30,8.24
GS30,8.27
GS30,8.03
GS30,8.29
GS30,8.21
GS30,8.27
GS30,8.47
GS30,8.45
GS30,8.14
GS30,7.95
GS30,7.93
GS30,7.92
GS30,7.7
GS30,7.58
GS30,7.85
GS30,7.97
GS30,7.96
GS30,7.89
GS30,7.84
GS30,7.6
GS30,7.39
GS30,7.34
GS30,7.53
GS30,7.61
GS30,7.44
GS30,7.34
GS30,7.09
GS30,6.82
GS30,6.85
GS30,6.92
GS30,6.81
GS30,6.63
GS30,6.32
GS30,6
GS30,5.94
GS30,6.21
GS30,6.25
GS30,6.29
GS30,6.49
GS30,6.91
GS30,7.27
GS30,7.41
GS30,7.4
GS30,7.58
GS30,7.49
GS30,7.71
GS30,7.94
GS30,8.08
GS30,7.87
GS30,7.85
GS30,7.61
GS30,7.45
GS30,7.36
GS30,6.95
GS30,6.57
GS30,6.72
GS30,6.86
GS30,6.55
GS30,6.37
GS30,6.26
GS30,6.06
GS30,6.05
GS30,6.24
GS30,6.6
GS30,6.79
GS30,6.93
GS30,7.06
GS30,7.03
GS30,6.84
GS30,7.03
GS30,6.81
GS30,6.48
GS30,6.55
GS30,6.83
GS30,6.69
GS30,6.93
GS30,7.09
GS30,6.94
GS30,6.77
GS30,6.51
GS30,6.58
GS30,6.5
GS30,6.33
GS30,6.11
GS30,5.99
GS30,5.81
GS30,5.89
GS30,5.95
GS30,5.92
GS30,5.93
GS30,5.7
GS30,5.68
GS30,5.54
GS30,5.2
GS30,5.01
GS30,5.25
GS30,5.06
GS30,5.16
GS30,5.37
GS30,5.58
GS30,5.55
GS30,5.81
GS30,6.04
GS30,5.98
GS30,6.07
GS30,6.07
GS30,6.26
GS30,6.15
GS30,6.35
GS30,6.63
GS30,6.23
GS30,6.05
GS30,5.85
GS30,6.15
GS30,5.93
GS30,5.85
GS30,5.72
GS30,5.83
GS30,5.8
GS30,5.78
GS30,5.49
GS30,5.54
GS30,5.45
GS30,5.34
GS30,5.65
GS30,5.78
GS30,5.67
GS30,5.61
GS30,5.48
GS30,5.48
GS30,5.32
GS30,5.12
GS30,5.48
GS30,5.45
GS30,5.4
GS30,NA
GS30,NA
GS30,NA
GS30,NA
GS30,NA
GS30,NA
GS30,NA
GS30,NA
GS30,NA
GS30,NA
GS30,NA
GS30,NA
GS30,NA
GS30,NA
GS30,NA
GS30,NA
GS30,NA
GS30,NA
GS30,NA
GS30,NA
GS30,NA
GS30,NA
GS30,NA
GS30,NA
GS30,NA
GS30,NA
GS30,NA
GS30,NA
GS30,NA
GS30,NA
GS30,NA
GS30,NA
GS30,NA
GS30,NA
GS30,NA
GS30,NA
GS30,NA
GS30,NA
GS30,NA
GS30,NA
GS30,NA
GS30,NA
GS30,NA
GS30,NA
GS30,NA
GS30,NA
GS30,NA
GS30,4.54
GS30,4.73
GS30,5.06
GS30,5.2
GS30,5.15
GS30,5.13
GS30,5
GS30,4.85
GS30,4.85
GS30,4.69
GS30,4.68
GS30,4.85
GS30,4.82
GS30,4.72
GS30,4.87
GS30,4.9
GS30,5.2
GS30,5.11
GS30,4.93
GS30,4.79
GS30,4.77
GS30,4.52
GS30,4.53
GS30,4.33
GS30,4.52
GS30,4.39
GS30,4.44
GS30,4.6
GS30,4.69
GS30,4.57
GS30,4.5
GS30,4.27
GS30,4.17
GS30,4
GS30,2.87
GS30,3.13
GS30,3.59
GS30,3.64
GS30,3.76
GS30,4.23
GS30,4.52
GS30,4.41
GS30,4.37
GS30,4.19
GS30,4.19
GS30,4.31
GS30,4.49
GS30,4.6
GS30,4.62
GS30,4.64
GS30,4.69
GS30,4.29
GS30,4.13
GS30,3.99
GS30,3.8
GS30,3.77
GS30,3.87
GS30,4.19
GS30,4.42
GS30,4.52
GS30,4.65
GS30,4.51
GS30,4.5
GS30,4.29
GS30,4.23
GS30,4.27
GS30,3.65
GS30,3.18
GS30,3.13
GS30,3.02
GS30,2.98
GS30,3.03
GS30,3.11
GS30,3.28
GS30,3.18
GS30,2.93
GS30,2.7
GS30,2.59
GS30,2.77
GS30,2.88
GS30,2.9
GS30,2.8
GS30,2.88
GS30,3.08
GS30,3.17
GS30,3.16
GS30,2.93
GS30,3.11
GS30,3.4
GS30,3.61
GS30,3.76
GS30,3.79
GS30,3.68
GS30,3.8
GS30,3.89
GS30,3.77
GS30,3.66
GS30,3.62
GS30,3.52
GS30,3.39
GS30,3.42
GS30,3.33
GS30,3.2
GS30,3.26
GS30,3.04
GS30,3.04
GS30,2.83
GS30,2.46
GS30,2.57
GS30,2.63
GS30,2.59
GS30,2.96
GS30,3.11
GS30,3.07
GS30,2.86
GS30,2.95
GS30,2.89
GS30,3.03
GS30,2.97
GS30,2.86
GS30,2.62
GS30,2.68
GS30,2.62
GS30,2.63
GS30,2.45
GS30,2.23
GS30,2.26
GS30,2.35
GS30,2.5
GS30,2.86
UNRATE,7.6
UNRATE,7.4
UNRATE,7.2
UNRATE,7
UNRATE,7.2
UNRATE,6.9
UNRATE,7
UNRATE,6.8
UNRATE,6.8
UNRATE,6.8
UNRATE,6.4
UNRATE,6.4
UNRATE,6.3
UNRATE,6.3
UNRATE,6.1
UNRATE,6
UNRATE,5.9
UNRATE,6.2
UNRATE,5.9
UNRATE,6
UNRATE,5.8
UNRATE,5.9
UNRATE,6
UNRATE,5.9
UNRATE,5.9
UNRATE,5.8
UNRATE,5.8
UNRATE,5.6
UNRATE,5.7
UNRATE,5.7
UNRATE,6
UNRATE,5.9
UNRATE,6
UNRATE,5.9
UNRATE,6
UNRATE,6.3
UNRATE,6.3
UNRATE,6.3
UNRATE,6.9
UNRATE,7.5
UNRATE,7.6
UNRATE,7.8
UNRATE,7.7
UNRATE,7.5
UNRATE,7.5
UNRATE,7.5
UNRATE,7.2
UNRATE,7.5
UNRATE,7.4
UNRATE,7.4
UNRATE,7.2
UNRATE,7.5
UNRATE,7.5
UNRATE,7.2
UNRATE,7.4
UNRATE,7.6
UNRATE,7.9
UNRATE,8.3
UNRATE,8.5
UNRATE,8.6
UNRATE,8.9
UNRATE,9
UNRATE,9.3
UNRATE,9.4
UNRATE,9.6
UNRATE,9.8
UNRATE,9.8
UNRATE,10.1
UNRATE,10.4
UNRATE,10.8
UNRATE,10.8
UNRATE,10.4
UNRATE,10.4
UNRATE,10.3
UNRATE,10.2
UNRATE,10.1
UNRATE,10.1
UNRATE,9.4
UNRATE,9.5
UNRATE,9.2
UNRATE,8.8
UNRATE,8.5
UNRATE,8.3
UNRATE,8
UNRATE,7.8
UNRATE,7.8
UNRATE,7.7
UNRATE,7.4
UNRATE,7.2
UNRATE,7.5
UNRATE,7.5
UNRATE,7.3
UNRATE,7.4
UNRATE,7.2
UNRATE,7.3
UNRATE,7.3
UNRATE,7.2
UNRATE,7.2
UNRATE,7.3
UNRATE,7.2
UNRATE,7.4
UNRATE,7.4
UNRATE,7.1
UNRATE,7.1
UNRATE,7.1
UNRATE,7
UNRATE,7
UNRATE,6.7
UNRATE,7.2
UNRATE,7.2
UNRATE,7.1
UNRATE,7.2
UNRATE,7.2
UNRATE,7
UNRATE,6.9
UNRATE,7
UNRATE,7
UNRATE,6.9
UNRATE,6.6
UNRATE,6.6
UNRATE,6.6
UNRATE,6.6
UNRATE,6.3
UNRATE,6.3
UNRATE,6.2
UNRATE,6.1
UNRATE,6
UNRATE,5.9
UNRATE,6
UNRATE,5.8
UNRATE,5.7
UNRATE,5.7
UNRATE,5.7
UNRATE,5.7
UNRATE,5.4
UNRATE,5.6
UNRATE,5.4
UNRATE,5.4
UNRATE,5.6
UNRATE,5.4
UNRATE,5.4
UNRATE,5.3
UNRATE,5.3
UNRATE,5.4
UNRATE,5.2
UNRATE,5
UNRATE,5.2
UNRATE,5.2
UNRATE,5.3
UNRATE,5.2
UNRATE,5.2
UNRATE,5.3
UNRATE,5.3
UNRATE,5.4
UNRATE,5.4
UNRATE,5.4
UNRATE,5.3
UNRATE,5.2
UNRATE,5.4
UNRATE,5.4
UNRATE,5.2
UNRATE,5.5
UNRATE,5.7
UNRATE,5.9
UNRATE,5.9
UNRATE,6.2
UNRATE,6.3
UNRATE,6.4
UNRATE,6.6
UNRATE,6.8
UNRATE,6.7
UNRATE,6.9
UNRATE,6.9
UNRATE,6.8
UNRATE,6.9
UNRATE,6.9
UNRATE,7
UNRATE,7
UNRATE,7.3
UNRATE,7.3
UNRATE,7.4
UNRATE,7.4
UNRATE,7.4
UNRATE,7.6
UNRATE,7.8
UNRATE,7.7
UNRATE,7.6
UNRATE,7.6
UNRATE,7.3
UNRATE,7.4
UNRATE,7.4
UNRATE,7.3
UNRATE,7.1
UNRATE,7
UNRATE,7.1
UNRATE,7.1
UNRATE,7
UNRATE,6.9
UNRATE,6.8
UNRATE,6.7
UNRATE,6.8
UNRATE,6.6
UNRATE,6.5
UNRATE,6.6
UNRATE,6.6
UNRATE,6.5
UNRATE,6.4
UNRATE,6.1
UNRATE,6.1
UNRATE,6.1
UNRATE,6
UNRATE,5.9
UNRATE,5.8
UNRATE,5.6
UNRATE,5.5
UNRATE,5.6
UNRATE,5.4
UNRATE,5.4
UNRATE,5.8
UNRATE,5.6
UNRATE,5.6
UNRATE,5.7
UNRATE,5.7
UNRATE,5.6
UNRATE,5.5
UNRATE,5.6
UNRATE,5.6
UNRATE,5.6
UNRATE,5.5
UNRATE,5.5
UNRATE,5.6
UNRATE,5.6
UNRATE,5.3
UNRATE,5.5
UNRATE,5.1
UNRATE,5.2
UNRATE,5.2
UNRATE,5.4
UNRATE,5.4
UNRATE,5.3
UNRATE,5.2
UNRATE,5.2
UNRATE,5.1
UNRATE,4.9
UNRATE,5
UNRATE,4.9
UNRATE,4.8
UNRATE,4.9
UNRATE,4.7
UNRATE,4.6
UNRATE,4.7
UNRATE,4.6
UNRATE,4.6
UNRATE,4.7
UNRATE,4.3
UNRATE,4.4
UNRATE,4.5
UNRATE,4.5
UNRATE,4.5
UNRATE,4.6
UNRATE,4.5
UNRATE,4.4
UNRATE,4.4
UNRATE,4.3
UNRATE,4.4
UNRATE,4.2
UNRATE,4.3
UNRATE,4.2
UNRATE,4.3
UNRATE,4.3
UNRATE,4.2
UNRATE,4.2
UNRATE,4.1
UNRATE,4.1
UNRATE,4
UNRATE,4
UNRATE,4.1
UNRATE,4
UNRATE,3.8
UNRATE,4
UNRATE,4
UNRATE,4
UNRATE,4.1
UNRATE,3.9
UNRATE,3.9
UNRATE,3.9
UNRATE,3.9
UNRATE,4.2
UNRATE,4.2
UNRATE,4.3
UNRATE,4.4
UNRATE,4.3
UNRATE,4.5
UNRATE,4.6
UNRATE,4.9
UNRATE,5
UNRATE,5.3
UNRATE,5.5
UNRATE,5.7
UNRATE,5.7
UNRATE,5.7
UNRATE,5.7
UNRATE,5.9
UNRATE,5.8
UNRATE,5.8
UNRATE,5.8
UNRATE,5.7
UNRATE,5.7
UNRATE,5.7
UNRATE,5.9
UNRATE,6
UNRATE,5.8
UNRATE,5.9
UNRATE,5.9
UNRATE,6
UNRATE,6.1
UNRATE,6.3
UNRATE,6.2
UNRATE,6.1
UNRATE,6.1
UNRATE,6
UNRATE,5.8
UNRATE,5.7
UNRATE,5.7
UNRATE,5.6
UNRATE,5.8
UNRATE,5.6
UNRATE,5.6
UNRATE,5.6
UNRATE,5.5
UNRATE,5.4
UNRATE,5.4
UNRATE,5.5
UNRATE,5.4
UNRATE,5.4
UNRATE,5.3
UNRATE,5.4
UNRATE,5.2
UNRATE,5.2
UNRATE,5.1
UNRATE,5
UNRATE,5
UNRATE,4.9
UNRATE,5
UNRATE,5
UNRATE,5
UNRATE,4.9
UNRATE,4.7
UNRATE,4.8
UNRATE,4.7
UNRATE,4.7
UNRATE,4.6
UNRATE,4.6
UNRATE,4.7
UNRATE,4.7
UNRATE,4.5
UNRATE,4.4
UNRATE,4.5
UNRATE,4.4
UNRATE,4.6
UNRATE,4.5
UNRATE,4.4
UNRATE,4.5
UNRATE,4.4
UNRATE,4.6
UNRATE,4.7
UNRATE,4.6
UNRATE,4.7
UNRATE,4.7
UNRATE,4.7
UNRATE,5
UNRATE,5
UNRATE,4.9
UNRATE,5.1
UNRATE,5
UNRATE,5.4
UNRATE,5.6
UNRATE,5.8
UNRATE,6.1
UNRATE,6.1
UNRATE,6.5
UNRATE,6.8
UNRATE,7.3
UNRATE,7.8
UNRATE,8.3
UNRATE,8.7
UNRATE,9
UNRATE,9.4
UNRATE,9.5
UNRATE,9.5
UNRATE,9.6
UNRATE,9.8
UNRATE,10
UNRATE,9.9
UNRATE,9.9
UNRATE,9.8
UNRATE,9.8
UNRATE,9.9
UNRATE,9.9
UNRATE,9.6
UNRATE,9.4
UNRATE,9.4
UNRATE,9.5
UNRATE,9.5
UNRATE,9.4
UNRATE,9.8
UNRATE,9.3
UNRATE,9.1
UNRATE,9
UNRATE,9
UNRATE,9.1
UNRATE,9
UNRATE,9.1
UNRATE,9
UNRATE,9
UNRATE,9
UNRATE,8.8
UNRATE,8.6
UNRATE,8.5
UNRATE,8.3
UNRATE,8.3
UNRATE,8.2
UNRATE,8.2
UNRATE,8.2
UNRATE,8.2
UNRATE,8.2
UNRATE,8.1
UNRATE,7.8
UNRATE,7.8
UNRATE,7.7
UNRATE,7.9
UNRATE,8
UNRATE,7.7
UNRATE,7.5
UNRATE,7.6
UNRATE,7.5
UNRATE,7.5
UNRATE,7.3
UNRATE,7.3
UNRATE,7.3
UNRATE,7.2
UNRATE,6.9
UNRATE,6.7
UNRATE,6.6
UNRATE,6.7
UNRATE,6.7
UNRATE,6.2
UNRATE,6.2
UNRATE,6.1
UNRATE,6.2
UNRATE,6.2
UNRATE,6
UNRATE,5.7
UNRATE,5.8
UNRATE,5.6
UNRATE,5.7
UNRATE,5.5
UNRATE,5.5
UNRATE,5.4
UNRATE,5.5
UNRATE,5.3
UNRATE,5.3
UNRATE,5.1
UNRATE,5.1
UNRATE,5
UNRATE,5
UNRATE,5
UNRATE,4.9
UNRATE,4.9
UNRATE,5
UNRATE,5
UNRATE,4.7
UNRATE,4.9
UNRATE,4.9
UNRATE,4.9
UNRATE,5
UNRATE,4.9
UNRATE,4.6
